-- phpMyAdmin SQL Dump
-- version 5.2.0
-- https://www.phpmyadmin.net/
--
-- Máy chủ: 127.0.0.1
-- Thời gian đã tạo: Th12 22, 2022 lúc 07:44 AM
-- Phiên bản máy phục vụ: 10.4.25-MariaDB
-- Phiên bản PHP: 7.4.30

SET SQL_MODE = "NO_AUTO_VALUE_ON_ZERO";
START TRANSACTION;
SET time_zone = "+00:00";


/*!40101 SET @OLD_CHARACTER_SET_CLIENT=@@CHARACTER_SET_CLIENT */;
/*!40101 SET @OLD_CHARACTER_SET_RESULTS=@@CHARACTER_SET_RESULTS */;
/*!40101 SET @OLD_COLLATION_CONNECTION=@@COLLATION_CONNECTION */;
/*!40101 SET NAMES utf8mb4 */;

--
-- Cơ sở dữ liệu: `ecom_store`
--

-- --------------------------------------------------------

--
-- Cấu trúc bảng cho bảng `about_us`
--

CREATE TABLE `about_us` (
  `about_id` int(10) NOT NULL,
  `about_heading` text NOT NULL,
  `about_short_desc` text NOT NULL,
  `about_desc` text NOT NULL
) ENGINE=InnoDB DEFAULT CHARSET=latin1;

--
-- Đang đổ dữ liệu cho bảng `about_us`
--

INSERT INTO `about_us` (`about_id`, `about_heading`, `about_short_desc`, `about_desc`) VALUES
(1, 'About Us - Our Story', '\r\nIt is a long established fact that a reader will be distracted by the readable content of a page when looking at its layout. The point of using Lorem Ipsum is that it has a more-or-less normal distribution of letters,\r\n', 'Rhone was the collective vision of a small group of weekday warriors. For years, we were frustrated by the lack of activewear designed for men and wanted something better. With that in mind, we set out to design premium apparel that is made for motion and engineered to endure.\r\n\r\nAdvanced materials and state of the art technology are combined with heritage craftsmanship to create a new standard in activewear. Every product tells a story of premium performance, reminding its wearer to push themselves physically without having to sacrifice comfort and style.\r\n\r\nBeyond our product offering, Rhone is founded on principles of progress and integrity. Just as we aim to become better as a company, we invite men everywhere to raise the bar and join us as we move Forever Forward.');

-- --------------------------------------------------------

--
-- Cấu trúc bảng cho bảng `admins`
--

CREATE TABLE `admins` (
  `admin_id` int(10) NOT NULL,
  `admin_name` varchar(255) NOT NULL,
  `admin_email` varchar(255) NOT NULL,
  `admin_pass` varchar(255) NOT NULL,
  `admin_image` text NOT NULL,
  `admin_contact` varchar(255) NOT NULL,
  `admin_country` text NOT NULL,
  `admin_job` varchar(255) NOT NULL,
  `admin_about` text NOT NULL
) ENGINE=InnoDB DEFAULT CHARSET=latin1;

--
-- Đang đổ dữ liệu cho bảng `admins`
--

INSERT INTO `admins` (`admin_id`, `admin_name`, `admin_email`, `admin_pass`, `admin_image`, `admin_contact`, `admin_country`, `admin_job`, `admin_about`) VALUES
(2, 'Administrator', 'admin@mail.com', 'Password@123', 'hp.jpg', '7777775500', 'Morocco', 'Front-End Developer', '  Contrary to popular belief, Lorem Ipsum is not simply random text. It has roots in a piece of classical Latin literature from 45 BC, making it over 2000 years old. Richard McClintock, a Latin professor at Hampden-Sydney College in Virginia, looked up one of the more obscure Latin words, consectetur, from a Lorem Ipsum passage, and going through the cites of the word in classical  ');

-- --------------------------------------------------------

--
-- Cấu trúc bảng cho bảng `bundle_product_relation`
--

CREATE TABLE `bundle_product_relation` (
  `rel_id` int(10) NOT NULL,
  `rel_title` varchar(255) NOT NULL,
  `product_id` int(10) NOT NULL,
  `bundle_id` int(10) NOT NULL
) ENGINE=InnoDB DEFAULT CHARSET=latin1;

-- --------------------------------------------------------

--
-- Cấu trúc bảng cho bảng `cart`
--

CREATE TABLE `cart` (
  `p_id` int(10) NOT NULL,
  `ip_add` varchar(255) NOT NULL,
  `qty` int(10) NOT NULL,
  `p_price` varchar(255) NOT NULL,
  `size` text NOT NULL
) ENGINE=InnoDB DEFAULT CHARSET=latin1;

-- --------------------------------------------------------

--
-- Cấu trúc bảng cho bảng `categories`
--

CREATE TABLE `categories` (
  `cat_id` int(10) NOT NULL,
  `cat_title` text NOT NULL,
  `cat_top` text NOT NULL,
  `cat_image` text NOT NULL
) ENGINE=InnoDB DEFAULT CHARSET=latin1;

--
-- Đang đổ dữ liệu cho bảng `categories`
--

INSERT INTO `categories` (`cat_id`, `cat_title`, `cat_top`, `cat_image`) VALUES
(6, 'Thác Khói', 'yes', ''),
(7, 'Tranh', 'yes', ''),
(8, '??ng h?', 'yes', ''),
(9, 'Combo tranh', 'yes', '');

-- --------------------------------------------------------

--
-- Cấu trúc bảng cho bảng `contact_us`
--

CREATE TABLE `contact_us` (
  `contact_id` int(10) NOT NULL,
  `contact_email` text NOT NULL,
  `contact_heading` text NOT NULL,
  `contact_desc` text NOT NULL
) ENGINE=InnoDB DEFAULT CHARSET=latin1;

--
-- Đang đổ dữ liệu cho bảng `contact_us`
--

INSERT INTO `contact_us` (`contact_id`, `contact_email`, `contact_heading`, `contact_desc`) VALUES
(1, 'ecomstore@mail.com', 'Contact  To Us', 'If you have any questions, please feel free to contact us, our customer service center is working for you 24/7.');

-- --------------------------------------------------------

--
-- Cấu trúc bảng cho bảng `coupons`
--

CREATE TABLE `coupons` (
  `coupon_id` int(10) NOT NULL,
  `product_id` int(10) NOT NULL,
  `coupon_title` varchar(255) NOT NULL,
  `coupon_price` varchar(255) NOT NULL,
  `coupon_code` varchar(255) NOT NULL,
  `coupon_limit` int(100) NOT NULL,
  `coupon_used` int(100) NOT NULL
) ENGINE=InnoDB DEFAULT CHARSET=latin1;

--
-- Đang đổ dữ liệu cho bảng `coupons`
--

INSERT INTO `coupons` (`coupon_id`, `product_id`, `coupon_title`, `coupon_price`, `coupon_code`, `coupon_limit`, `coupon_used`) VALUES
(5, 8, 'Sale', '10', 'CASTRO', 2, 1),
(6, 14, 'Sale', '65', 'CODEASTRO', 3, 1);

-- --------------------------------------------------------

--
-- Cấu trúc bảng cho bảng `customers`
--

CREATE TABLE `customers` (
  `customer_id` int(10) NOT NULL,
  `customer_name` varchar(255) NOT NULL,
  `customer_email` varchar(255) NOT NULL,
  `customer_pass` varchar(255) NOT NULL,
  `customer_country` text NOT NULL,
  `customer_city` text NOT NULL,
  `customer_contact` varchar(255) NOT NULL,
  `customer_address` text NOT NULL,
  `customer_image` text NOT NULL,
  `customer_ip` varchar(255) NOT NULL,
  `customer_confirm_code` text NOT NULL
) ENGINE=InnoDB DEFAULT CHARSET=latin1;

--
-- Đang đổ dữ liệu cho bảng `customers`
--

INSERT INTO `customers` (`customer_id`, `customer_name`, `customer_email`, `customer_pass`, `customer_country`, `customer_city`, `customer_contact`, `customer_address`, `customer_image`, `customer_ip`, `customer_confirm_code`) VALUES
(2, 'user', 'user@ave.com', '123', 'United State', 'New York', '0092334566931', 'new york', 'user.jpg', '::1', ''),
(3, 'Demo Customer', 'demo@customer.com', 'Password123', 'DemoCountry', 'DemoCity', '700000000', 'DemoAddress', 'sample_image.jpg', '::1', ''),
(4, 'Thomas', 'thomas@demo.com', 'Password123', 'One Country', 'One City', '777777777', '111 Address', 'sample_img360.png', '::1', '1427053935'),
(5, 'Fracis', 'test@customer.com', 'Password123', 'US', 'Demo City', '780000000', '112 Bleck Street', 'userav-min.png', '::1', '1634138674'),
(6, 'Sample Customer', 'customer@mail.com', 'Password123', 'Sample Country', 'Sample City', '7800000000', 'Sample Address', 'user-icn-min.png', '::1', '174829126');

-- --------------------------------------------------------

--
-- Cấu trúc bảng cho bảng `customer_orders`
--

CREATE TABLE `customer_orders` (
  `order_id` int(10) NOT NULL,
  `customer_id` int(10) NOT NULL,
  `due_amount` int(100) NOT NULL,
  `invoice_no` int(100) NOT NULL,
  `qty` int(10) NOT NULL,
  `size` text NOT NULL,
  `order_date` timestamp NOT NULL DEFAULT current_timestamp() ON UPDATE current_timestamp(),
  `order_status` text NOT NULL
) ENGINE=InnoDB DEFAULT CHARSET=latin1;

--
-- Đang đổ dữ liệu cho bảng `customer_orders`
--

INSERT INTO `customer_orders` (`order_id`, `customer_id`, `due_amount`, `invoice_no`, `qty`, `size`, `order_date`, `order_status`) VALUES
(17, 2, 100, 1715523401, 2, 'Large', '2017-02-20 08:21:42', 'pending'),
(23, 3, 20, 1762810884, 1, 'Medium', '2021-09-14 08:35:57', 'Complete'),
(24, 4, 100, 1972602052, 1, 'Large', '2021-09-14 16:37:52', 'Complete'),
(25, 4, 90, 2008540778, 1, 'Medium', '2021-09-14 16:43:15', 'pending'),
(27, 5, 120, 2138906686, 1, 'Small', '2021-09-15 03:18:41', 'Complete'),
(28, 5, 180, 361540113, 2, 'Medium', '2021-09-15 03:25:42', 'Complete'),
(29, 3, 100, 858195683, 1, 'Large', '2021-09-15 03:14:01', 'Complete'),
(31, 6, 245, 901707655, 1, 'Medium', '2021-09-15 03:52:18', 'Complete'),
(32, 6, 75, 2125554712, 1, 'Large', '2021-09-15 03:52:58', 'pending'),
(33, 3, 0, 288810762, 0, 'Select a Size', '2022-11-28 04:43:14', 'pending'),
(34, 3, 2000000, 288810762, 1, 'V?a', '2022-11-28 04:43:14', 'pending'),
(35, 3, 1650000, 288810762, 1, 'Ch?n kích c?', '2022-11-28 04:43:14', 'pending'),
(36, 3, 1550000, 1825223507, 1, 'L?n', '2022-11-28 05:07:26', 'pending'),
(37, 3, 6000000, 1825223507, 3, 'V?a', '2022-11-28 05:07:26', 'pending'),
(38, 3, 2000000, 1994154562, 1, 'V?a', '2022-11-28 05:16:34', 'pending');

-- --------------------------------------------------------

--
-- Cấu trúc bảng cho bảng `enquiry_types`
--

CREATE TABLE `enquiry_types` (
  `enquiry_id` int(10) NOT NULL,
  `enquiry_title` varchar(255) NOT NULL
) ENGINE=InnoDB DEFAULT CHARSET=latin1;

--
-- Đang đổ dữ liệu cho bảng `enquiry_types`
--

INSERT INTO `enquiry_types` (`enquiry_id`, `enquiry_title`) VALUES
(1, 'Order and Delivery Support'),
(2, 'Technical Support'),
(3, 'Price Concern');

-- --------------------------------------------------------

--
-- Cấu trúc bảng cho bảng `manufacturers`
--

CREATE TABLE `manufacturers` (
  `manufacturer_id` int(10) NOT NULL,
  `manufacturer_title` text NOT NULL,
  `manufacturer_top` text NOT NULL,
  `manufacturer_image` text NOT NULL
) ENGINE=InnoDB DEFAULT CHARSET=latin1;

--
-- Đang đổ dữ liệu cho bảng `manufacturers`
--

INSERT INTO `manufacturers` (`manufacturer_id`, `manufacturer_title`, `manufacturer_top`, `manufacturer_image`) VALUES
(2, 'Adidas', 'no', 'adilg.png'),
(3, 'Nike', 'no', 'niketransl.png'),
(4, 'Philip Plein', 'no', 'pplg.png'),
(5, 'Lacoste', 'no', 'lacostelg.png'),
(7, 'Polo', 'no', 'polobn.jpg'),
(8, 'Gildan 1800', 'no', 'sample_img360.png');

-- --------------------------------------------------------

--
-- Cấu trúc bảng cho bảng `payments`
--

CREATE TABLE `payments` (
  `payment_id` int(10) NOT NULL,
  `invoice_no` int(10) NOT NULL,
  `amount` int(10) NOT NULL,
  `payment_mode` text NOT NULL,
  `ref_no` int(10) NOT NULL,
  `code` int(10) NOT NULL,
  `payment_date` text NOT NULL
) ENGINE=InnoDB DEFAULT CHARSET=latin1;

-- --------------------------------------------------------

--
-- Cấu trúc bảng cho bảng `pending_orders`
--

CREATE TABLE `pending_orders` (
  `order_id` int(10) NOT NULL,
  `customer_id` int(10) NOT NULL,
  `invoice_no` int(10) NOT NULL,
  `product_id` text NOT NULL,
  `qty` int(10) NOT NULL,
  `size` text NOT NULL,
  `order_status` text NOT NULL
) ENGINE=InnoDB DEFAULT CHARSET=latin1;

--
-- Đang đổ dữ liệu cho bảng `pending_orders`
--

INSERT INTO `pending_orders` (`order_id`, `customer_id`, `invoice_no`, `product_id`, `qty`, `size`, `order_status`) VALUES
(34, 3, 288810762, '23', 1, 'V?a', 'pending'),
(35, 3, 288810762, '26', 1, 'Ch?n kích c?', 'pending'),
(36, 3, 1825223507, '21', 1, 'L?n', 'pending'),
(37, 3, 1825223507, '23', 3, 'V?a', 'pending'),
(38, 3, 1994154562, '23', 1, 'V?a', 'pending');

-- --------------------------------------------------------

--
-- Cấu trúc bảng cho bảng `products`
--

CREATE TABLE `products` (
  `product_id` int(10) NOT NULL,
  `p_cat_id` int(10) NOT NULL,
  `cat_id` int(10) NOT NULL,
  `manufacturer_id` int(10) NOT NULL,
  `date` timestamp NOT NULL DEFAULT current_timestamp() ON UPDATE current_timestamp(),
  `product_title` text NOT NULL,
  `product_url` text NOT NULL,
  `product_img1` text NOT NULL,
  `product_img2` text NOT NULL,
  `product_img3` text NOT NULL,
  `product_price` int(10) NOT NULL,
  `product_psp_price` int(100) NOT NULL,
  `product_desc` text NOT NULL,
  `product_features` text NOT NULL,
  `product_video` text NOT NULL,
  `product_keywords` text NOT NULL,
  `product_label` text NOT NULL,
  `status` varchar(255) NOT NULL
) ENGINE=InnoDB DEFAULT CHARSET=latin1;

--
-- Đang đổ dữ liệu cho bảng `products`
--

INSERT INTO `products` (`product_id`, `p_cat_id`, `cat_id`, `manufacturer_id`, `date`, `product_title`, `product_url`, `product_img1`, `product_img2`, `product_img3`, `product_price`, `product_psp_price`, `product_desc`, `product_features`, `product_video`, `product_keywords`, `product_label`, `status`) VALUES
(19, 0, 6, 0, '2022-11-21 02:55:47', 'Thác khói N01', 'thac-khoi-N01', '312094104_664415788639756_6417096256183943916_n.jpg', '', '', 1500000, 0, '\r\n\r\n', '\r\n\r\n', '\r\n\r\n', '', '', 'product'),
(20, 0, 6, 0, '2022-11-21 02:57:33', 'Thác khói N02', 'thac-khoi-N02', '312171880_664415781973090_4217581176011733096_n.jpg', '', '', 1600000, 0, '\r\n\r\n', '\r\n\r\n', '\r\n\r\n', '', '', 'product'),
(21, 0, 6, 0, '2022-11-21 02:58:27', 'Thác khói N03', 'thac-khoi-N03', '312474468_664423608638974_2197189577736315263_n.jpg', '', '', 1550000, 1550000, '\r\n\r\n', '\r\n\r\n', '\r\n\r\n', '', '', 'product'),
(22, 0, 6, 0, '2022-11-21 03:05:39', 'Thác khói N04', 'thac-khoi-N04', '313403177_664415808639754_753459686132165158_n.jpg', '', '', 1600000, 1600000, '\r\n\r\n\r\n\r\n', '\r\n\r\n\r\n\r\n', '\r\n\r\n\r\n\r\n', 'thac nuoc', 'rtgtrg', 'product'),
(23, 0, 6, 0, '2022-11-21 03:06:55', 'Thác khói N05', 'thac-khoi-N05', '312539990_664424695305532_7538896530777527092_n.jpg', '', '', 2000000, 0, '\r\n\r\n', '\r\n\r\n', '\r\n\r\n', '', '', 'product'),
(24, 0, 6, 0, '2022-11-21 03:15:18', 'Thác khói N06', 'thac-khoi-N06', '312556790_664415778639757_243423552034114991_n.jpg', '', '', 1400000, 0, '\r\n\r\n', '\r\n\r\n', '\r\n\r\n', '', '', 'product'),
(25, 0, 6, 0, '2022-11-21 03:15:42', 'Thác khói N07', 'thac-khoi-N07', '312617332_664415805306421_684412681338107353_n.jpg', '', '', 1450000, 0, '\r\n\r\n', '\r\n\r\n', '\r\n\r\n', '', '', 'product'),
(26, 0, 6, 0, '2022-11-21 03:16:28', 'Thác khói N08', 'thac-khoi-N08', '313044582_664415785306423_70437619776002383_n.jpg', '', '', 1650000, 0, '\r\n\r\n', '\r\n\r\n', '\r\n\r\n', '', '', 'product');

-- --------------------------------------------------------

--
-- Cấu trúc bảng cho bảng `product_categories`
--

CREATE TABLE `product_categories` (
  `p_cat_id` int(10) NOT NULL,
  `p_cat_title` text NOT NULL,
  `p_cat_top` text NOT NULL,
  `p_cat_image` text NOT NULL
) ENGINE=InnoDB DEFAULT CHARSET=latin1;

--
-- Đang đổ dữ liệu cho bảng `product_categories`
--

INSERT INTO `product_categories` (`p_cat_id`, `p_cat_title`, `p_cat_top`, `p_cat_image`) VALUES
(4, 'Coats', 'no', 'coaticn.png'),
(5, 'T-Shirts', 'no', 'tshirticn.png'),
(6, 'Sweater', 'no', 'sweatericn.png'),
(7, 'jackets', 'yes', 'jacketicn.png'),
(8, 'Sneakers', 'yes', 'sneakericn.png'),
(9, 'Trousers', 'no', 'trousericn.png');

-- --------------------------------------------------------

--
-- Cấu trúc bảng cho bảng `store`
--

CREATE TABLE `store` (
  `store_id` int(10) NOT NULL,
  `store_title` varchar(255) NOT NULL,
  `store_image` varchar(255) NOT NULL,
  `store_desc` text NOT NULL,
  `store_button` varchar(255) NOT NULL,
  `store_url` varchar(255) NOT NULL
) ENGINE=InnoDB DEFAULT CHARSET=latin1;

--
-- Đang đổ dữ liệu cho bảng `store`
--

INSERT INTO `store` (`store_id`, `store_title`, `store_image`, `store_desc`, `store_button`, `store_url`) VALUES
(4, 'London Store', 'store (3).jpg', '<p style=\"text-align: center;\"><strong>180-182 RECENTS STREET, LONDON, W1B 5BT</strong></p>\r\n<p>Lorem ipsum dolor sit amet, consectetur adipiscing elit. Ut libero erat, aliquet eget mauris ut, dictum sagittis libero. Nam at dui dapibus, semper dolor ac, malesuada mi. Duis quis lobortis arcu. Vivamus sed sodales orci, non varius dolor.</p>', 'View Map', 'http://www.thedailylux.com/ecommerce'),
(5, 'New York Store', 'store (1).png', '<p style=\"text-align: center;\"><strong>109 COLUMBUS CIRCLE, NEW YORK, NY10023</strong></p>\r\n<p>Lorem ipsum dolor sit amet, consectetur adipiscing elit. Ut libero erat, aliquet eget mauris ut, dictum sagittis libero. Nam at dui dapibus, semper dolor ac, malesuada mi. Duis quis lobortis arcu. Vivamus sed sodales orci, non varius dolor.</p>', 'View Map', 'http://www.thedailylux.com/ecommerce'),
(6, 'Paris Store', 'store (2).jpg', '<p style=\"text-align: center;\"><strong>2133 RUE SAINT-HONORE, 75001 PARIS&nbsp;</strong></p>\r\n<p>Lorem ipsum dolor sit amet, consectetur adipiscing elit. Ut libero erat, aliquet eget mauris ut, dictum sagittis libero. Nam at dui dapibus, semper dolor ac, malesuada mi. Duis quis lobortis arcu. Vivamus sed sodales orci, non varius dolor.</p>', 'View Map', 'http://www.thedailylux.com/ecommerce');

-- --------------------------------------------------------

--
-- Cấu trúc bảng cho bảng `terms`
--

CREATE TABLE `terms` (
  `term_id` int(10) NOT NULL,
  `term_title` varchar(100) NOT NULL,
  `term_link` varchar(100) NOT NULL,
  `term_desc` text NOT NULL
) ENGINE=InnoDB DEFAULT CHARSET=latin1;

--
-- Đang đổ dữ liệu cho bảng `terms`
--

INSERT INTO `terms` (`term_id`, `term_title`, `term_link`, `term_desc`) VALUES
(1, 'Rules And Regulations', 'rules', '<p>Contrary to popular belief, Lorem Ipsum is not simply random text. It has roots in a piece of classical Latin literature from 45 BC, making it over 2000 years old. Richard McClintock, a Latin professor at Hampden-Sydney College in Virginia, looked up one of the more obscure Latin words, consectetur, from a Lorem Ipsum passage, and going through the cites of the word in classical literature, discovered the undoubtable source. Lorem Ipsum comes from sections 1.10.32 and 1.10.33 of \"de Finibus Bonorum et Malorum\" (The Extremes of Good and Evil) by Cicero, written in 45 BC. This book is a treatise on the theory of ethics, very popular during the Renaissance.&nbsp;</p>'),
(2, 'Refund Policy', 'link2', 'It is a long established fact that a reader will be distracted by the readable content of a page when looking at its layout. The point of using Lorem Ipsum is that it has a more-or-less normal distribution of letters, as opposed to using \'Content here, content here\', making it look like readable English. Many desktop publishing packages and web page editors now use Lorem Ipsum as their default model text, and a search for \'lorem ipsum\' will uncover many web sites still in their infancy. Various versions have evolved over the years, sometimes by accident, sometimes on purpose (injected humour and the like).Why do we use it?It is a long established fact that a reader will be distracted by the readable content of a page when looking at its layout. The point of using Lorem Ipsum is that it has a more-or-less normal distribution of letters, as opposed to using \'Content here, content here\', making it look like readable English. Many desktop publishing packages and web page editors now use Lorem Ipsum as their default model text, and a search for \'lorem ipsum\' will uncover many web sites still in their infancy. Various versions have evolved over the years, sometimes by accident, sometimes on'),
(3, 'Pricing and Promotions Policy', 'link3', 'It is a long established fact that a reader will be distracted by the readable content of a page when looking at its layout. The point of using Lorem Ipsum is that it has a more-or-less normal distribution of letters, as opposed to using \'Content here, content here\', making it look like readable English. Many desktop publishing packages and web page editors now use Lorem Ipsum as their default model text, and a search for \'lorem ipsum\' will uncover many web sites still in their infancy. Various versions have evolved over the years, sometimes by accident, sometimes on purpose (injected humour and the like).Why do we use it?It is a long established fact that a reader will be distracted by the readable content of a page when looking at its layout. The point of using Lorem Ipsum is that it has a more-or-less normal distribution of letters, as opposed to using \'Content here, content here\', making it look like readable English. Many desktop publishing packages and web page editors now use Lorem Ipsum as their default model text, and a search for \'lorem ipsum\' will uncover many web sites still in their infancy. Various versions have evolved over the years, sometimes by accident, sometimes on');

-- --------------------------------------------------------

--
-- Cấu trúc bảng cho bảng `wishlist`
--

CREATE TABLE `wishlist` (
  `wishlist_id` int(10) NOT NULL,
  `customer_id` int(10) NOT NULL,
  `product_id` int(10) NOT NULL
) ENGINE=InnoDB DEFAULT CHARSET=latin1;

--
-- Đang đổ dữ liệu cho bảng `wishlist`
--

INSERT INTO `wishlist` (`wishlist_id`, `customer_id`, `product_id`) VALUES
(2, 2, 8),
(3, 5, 13),
(4, 3, 13),
(5, 6, 15);

--
-- Chỉ mục cho các bảng đã đổ
--

--
-- Chỉ mục cho bảng `about_us`
--
ALTER TABLE `about_us`
  ADD PRIMARY KEY (`about_id`);

--
-- Chỉ mục cho bảng `admins`
--
ALTER TABLE `admins`
  ADD PRIMARY KEY (`admin_id`);

--
-- Chỉ mục cho bảng `bundle_product_relation`
--
ALTER TABLE `bundle_product_relation`
  ADD PRIMARY KEY (`rel_id`);

--
-- Chỉ mục cho bảng `cart`
--
ALTER TABLE `cart`
  ADD PRIMARY KEY (`p_id`);

--
-- Chỉ mục cho bảng `categories`
--
ALTER TABLE `categories`
  ADD PRIMARY KEY (`cat_id`);

--
-- Chỉ mục cho bảng `contact_us`
--
ALTER TABLE `contact_us`
  ADD PRIMARY KEY (`contact_id`);

--
-- Chỉ mục cho bảng `coupons`
--
ALTER TABLE `coupons`
  ADD PRIMARY KEY (`coupon_id`);

--
-- Chỉ mục cho bảng `customers`
--
ALTER TABLE `customers`
  ADD PRIMARY KEY (`customer_id`);

--
-- Chỉ mục cho bảng `customer_orders`
--
ALTER TABLE `customer_orders`
  ADD PRIMARY KEY (`order_id`);

--
-- Chỉ mục cho bảng `enquiry_types`
--
ALTER TABLE `enquiry_types`
  ADD PRIMARY KEY (`enquiry_id`);

--
-- Chỉ mục cho bảng `manufacturers`
--
ALTER TABLE `manufacturers`
  ADD PRIMARY KEY (`manufacturer_id`);

--
-- Chỉ mục cho bảng `payments`
--
ALTER TABLE `payments`
  ADD PRIMARY KEY (`payment_id`);

--
-- Chỉ mục cho bảng `pending_orders`
--
ALTER TABLE `pending_orders`
  ADD PRIMARY KEY (`order_id`);

--
-- Chỉ mục cho bảng `products`
--
ALTER TABLE `products`
  ADD PRIMARY KEY (`product_id`);

--
-- Chỉ mục cho bảng `product_categories`
--
ALTER TABLE `product_categories`
  ADD PRIMARY KEY (`p_cat_id`);

--
-- Chỉ mục cho bảng `store`
--
ALTER TABLE `store`
  ADD PRIMARY KEY (`store_id`);

--
-- Chỉ mục cho bảng `terms`
--
ALTER TABLE `terms`
  ADD PRIMARY KEY (`term_id`);

--
-- Chỉ mục cho bảng `wishlist`
--
ALTER TABLE `wishlist`
  ADD PRIMARY KEY (`wishlist_id`);

--
-- AUTO_INCREMENT cho các bảng đã đổ
--

--
-- AUTO_INCREMENT cho bảng `about_us`
--
ALTER TABLE `about_us`
  MODIFY `about_id` int(10) NOT NULL AUTO_INCREMENT, AUTO_INCREMENT=2;

--
-- AUTO_INCREMENT cho bảng `admins`
--
ALTER TABLE `admins`
  MODIFY `admin_id` int(10) NOT NULL AUTO_INCREMENT, AUTO_INCREMENT=3;

--
-- AUTO_INCREMENT cho bảng `bundle_product_relation`
--
ALTER TABLE `bundle_product_relation`
  MODIFY `rel_id` int(10) NOT NULL AUTO_INCREMENT;

--
-- AUTO_INCREMENT cho bảng `categories`
--
ALTER TABLE `categories`
  MODIFY `cat_id` int(10) NOT NULL AUTO_INCREMENT, AUTO_INCREMENT=10;

--
-- AUTO_INCREMENT cho bảng `contact_us`
--
ALTER TABLE `contact_us`
  MODIFY `contact_id` int(10) NOT NULL AUTO_INCREMENT, AUTO_INCREMENT=2;

--
-- AUTO_INCREMENT cho bảng `coupons`
--
ALTER TABLE `coupons`
  MODIFY `coupon_id` int(10) NOT NULL AUTO_INCREMENT, AUTO_INCREMENT=7;

--
-- AUTO_INCREMENT cho bảng `customers`
--
ALTER TABLE `customers`
  MODIFY `customer_id` int(10) NOT NULL AUTO_INCREMENT, AUTO_INCREMENT=7;

--
-- AUTO_INCREMENT cho bảng `customer_orders`
--
ALTER TABLE `customer_orders`
  MODIFY `order_id` int(10) NOT NULL AUTO_INCREMENT, AUTO_INCREMENT=39;

--
-- AUTO_INCREMENT cho bảng `enquiry_types`
--
ALTER TABLE `enquiry_types`
  MODIFY `enquiry_id` int(10) NOT NULL AUTO_INCREMENT, AUTO_INCREMENT=4;

--
-- AUTO_INCREMENT cho bảng `manufacturers`
--
ALTER TABLE `manufacturers`
  MODIFY `manufacturer_id` int(10) NOT NULL AUTO_INCREMENT, AUTO_INCREMENT=9;

--
-- AUTO_INCREMENT cho bảng `payments`
--
ALTER TABLE `payments`
  MODIFY `payment_id` int(10) NOT NULL AUTO_INCREMENT, AUTO_INCREMENT=26;

--
-- AUTO_INCREMENT cho bảng `pending_orders`
--
ALTER TABLE `pending_orders`
  MODIFY `order_id` int(10) NOT NULL AUTO_INCREMENT, AUTO_INCREMENT=39;

--
-- AUTO_INCREMENT cho bảng `products`
--
ALTER TABLE `products`
  MODIFY `product_id` int(10) NOT NULL AUTO_INCREMENT, AUTO_INCREMENT=27;

--
-- AUTO_INCREMENT cho bảng `product_categories`
--
ALTER TABLE `product_categories`
  MODIFY `p_cat_id` int(10) NOT NULL AUTO_INCREMENT, AUTO_INCREMENT=10;

--
-- AUTO_INCREMENT cho bảng `store`
--
ALTER TABLE `store`
  MODIFY `store_id` int(10) NOT NULL AUTO_INCREMENT, AUTO_INCREMENT=7;

--
-- AUTO_INCREMENT cho bảng `terms`
--
ALTER TABLE `terms`
  MODIFY `term_id` int(10) NOT NULL AUTO_INCREMENT, AUTO_INCREMENT=4;

--
-- AUTO_INCREMENT cho bảng `wishlist`
--
ALTER TABLE `wishlist`
  MODIFY `wishlist_id` int(10) NOT NULL AUTO_INCREMENT, AUTO_INCREMENT=6;
COMMIT;

/*!40101 SET CHARACTER_SET_CLIENT=@OLD_CHARACTER_SET_CLIENT */;
/*!40101 SET CHARACTER_SET_RESULTS=@OLD_CHARACTER_SET_RESULTS */;
/*!40101 SET COLLATION_CONNECTION=@OLD_COLLATION_CONNECTION */;
